{"cameraMode":{"drawMode":0,"name":"Shaded","section":"Shading Mode"},"sceneLighting":true,"audioPlay":false,"sceneViewState":{"m_AlwaysRefresh":true,"showFog":true,"showSkybox":true,"showFlares":true,"showImageEffects":true,"showParticleSystems":true,"showVisualEffectGraphs":true,"m_FxEnabled":true},"in2DMode":false,"pivot":{"x":-28.04536247253418,"y":0.8257869482040405,"z":91.76827239990235},"rotation":{"x":0.04648537188768387,"y":-0.6164258122444153,"z":0.03598872572183609,"w":0.7854489684104919},"size":1.1583255529403687,"orthographic":false}