{"cameraMode":{"drawMode":0,"name":"Shaded","section":"Shading Mode"},"sceneLighting":true,"audioPlay":false,"sceneViewState":{"m_AlwaysRefresh":true,"showFog":true,"showSkybox":true,"showFlares":true,"showImageEffects":true,"showParticleSystems":true,"showVisualEffectGraphs":true,"m_FxEnabled":true},"in2DMode":false,"pivot":{"x":-16.9190616607666,"y":22.583236694335939,"z":279.8323974609375},"rotation":{"x":0.13131877779960633,"y":-0.024715740233659745,"z":0.0029456685297191145,"w":0.9911934733390808},"size":26.580480575561525,"orthographic":false}