{"cameraMode":{"drawMode":0,"name":"Shaded","section":"Shading Mode"},"sceneLighting":true,"audioPlay":false,"sceneViewState":{"m_AlwaysRefresh":true,"showFog":true,"showSkybox":true,"showFlares":true,"showImageEffects":true,"showParticleSystems":true,"showVisualEffectGraphs":true,"m_FxEnabled":true},"in2DMode":false,"pivot":{"x":-17.404430389404298,"y":1.2514028549194337,"z":99.326904296875},"rotation":{"x":0.04065299034118652,"y":0.07367125898599625,"z":0.0032938348595052959,"w":-0.9966094493865967},"size":0.10599827766418457,"orthographic":false}