{"cameraMode":{"drawMode":0,"name":"Shaded","section":"Shading Mode"},"sceneLighting":false,"audioPlay":false,"sceneViewState":{"m_AlwaysRefresh":false,"showFog":false,"showSkybox":false,"showFlares":false,"showImageEffects":false,"showParticleSystems":false,"showVisualEffectGraphs":true,"m_FxEnabled":true},"in2DMode":false,"pivot":{"x":0.002196013927459717,"y":0.8894741535186768,"z":-0.007572531700134277},"rotation":{"x":-0.0836336687207222,"y":-0.8288804292678833,"z":0.1288382112979889,"w":-0.5379669666290283},"size":1.8707011938095093,"orthographic":false}