{"cameraMode":{"drawMode":0,"name":"Shaded","section":"Shading Mode"},"sceneLighting":true,"audioPlay":false,"sceneViewState":{"m_AlwaysRefresh":true,"showFog":true,"showSkybox":true,"showFlares":true,"showImageEffects":true,"showParticleSystems":true,"showVisualEffectGraphs":true,"m_FxEnabled":true},"in2DMode":false,"pivot":{"x":-17.32077407836914,"y":0.670402467250824,"z":88.03477478027344},"rotation":{"x":0.0002372021699557081,"y":-0.9987950325012207,"z":0.052195291966199878,"w":-0.002112052636221051},"size":1.7451108694076539,"orthographic":false}